sector 1_new_house_transaction_amount,sector 2_new_house_transaction_amount,sector 3_new_house_transaction_amount,sector 4_new_house_transaction_amount,sector 5_new_house_transaction_amount,sector 6_new_house_transaction_amount,sector 7_new_house_transaction_amount,sector 8_new_house_transaction_amount,sector 9_new_house_transaction_amount,sector 10_new_house_transaction_amount,sector 11_new_house_transaction_amount,sector 12_new_house_transaction_amount,sector 13_new_house_transaction_amount,sector 14_new_house_transaction_amount,sector 15_new_house_transaction_amount,sector 16_new_house_transaction_amount,sector 17_new_house_transaction_amount,sector 18_new_house_transaction_amount,sector 19_new_house_transaction_amount,sector 20_new_house_transaction_amount,sector 21_new_house_transaction_amount,sector 22_new_house_transaction_amount,sector 23_new_house_transaction_amount,sector 24_new_house_transaction_amount,sector 25_new_house_transaction_amount,sector 26_new_house_transaction_amount,sector 27_new_house_transaction_amount,sector 28_new_house_transaction_amount,sector 29_new_house_transaction_amount,sector 30_new_house_transaction_amount,sector 31_new_house_transaction_amount,sector 32_new_house_transaction_amount,sector 33_new_house_transaction_amount,sector 34_new_house_transaction_amount,sector 35_new_house_transaction_amount,sector 36_new_house_transaction_amount,sector 37_new_house_transaction_amount,sector 38_new_house_transaction_amount,sector 39_new_house_transaction_amount,sector 40_new_house_transaction_amount,sector 41_new_house_transaction_amount,sector 42_new_house_transaction_amount,sector 43_new_house_transaction_amount,sector 44_new_house_transaction_amount,sector 45_new_house_transaction_amount,sector 46_new_house_transaction_amount,sector 47_new_house_transaction_amount,sector 48_new_house_transaction_amount,sector 49_new_house_transaction_amount,sector 50_new_house_transaction_amount,sector 51_new_house_transaction_amount,sector 52_new_house_transaction_amount,sector 53_new_house_transaction_amount,sector 54_new_house_transaction_amount,sector 55_new_house_transaction_amount,sector 56_new_house_transaction_amount,sector 57_new_house_transaction_amount,sector 58_new_house_transaction_amount,sector 59_new_house_transaction_amount,sector 60_new_house_transaction_amount,sector 61_new_house_transaction_amount,sector 62_new_house_transaction_amount,sector 63_new_house_transaction_amount,sector 64_new_house_transaction_amount,sector 65_new_house_transaction_amount,sector 66_new_house_transaction_amount,sector 67_new_house_transaction_amount,sector 68_new_house_transaction_amount,sector 69_new_house_transaction_amount,sector 70_new_house_transaction_amount,sector 71_new_house_transaction_amount,sector 72_new_house_transaction_amount,sector 73_new_house_transaction_amount,sector 74_new_house_transaction_amount,sector 75_new_house_transaction_amount,sector 76_new_house_transaction_amount,sector 77_new_house_transaction_amount,sector 78_new_house_transaction_amount,sector 79_new_house_transaction_amount,sector 80_new_house_transaction_amount,sector 81_new_house_transaction_amount,sector 82_new_house_transaction_amount,sector 83_new_house_transaction_amount,sector 84_new_house_transaction_amount,sector 85_new_house_transaction_amount,sector 86_new_house_transaction_amount,sector 87_new_house_transaction_amount,sector 88_new_house_transaction_amount,sector 89_new_house_transaction_amount,sector 90_new_house_transaction_amount,sector 91_new_house_transaction_amount,sector 92_new_house_transaction_amount,sector 93_new_house_transaction_amount,sector 94_new_house_transaction_amount,sector 95_new_house_transaction_amount,sector 96_new_house_transaction_amount,total_new_house_transaction_amount,yr_m
13827.14,28277.73,0.0,1424.21,792.1,607.94,39326.1,10454.68,4170.55,11043.29,10606.75,1349.33,60304.86,7647.95,13982.15,583.58,3150.91,4721.93,0.0,14288.21,16007.1,13653.09,7307.15,18790.55,12766.11,26146.7,2051.22,789.56,0.0,26737.4,13557.52,0.0,4089.36,10721.18,5626.85,28868.86,19666.71,83259.29,2349.37,0.0,0.0,2201.12,25634.55,4268.58,87450.87,19667.32,18563.02,13453.77,0.0,56227.67,79621.46,0.0,67486.82,49593.59,91832.34,1445.32,1293.34,4645.91,10687.73,0.0,4129.04,0.0,16126.17,7235.11,28803.22,5516.34,6484.06,33583.97,2869.19,1232.89,0.0,1141.86,0.0,791.26,0.0,7720.66,22793.39,3743.09,17328.2,972.43,17551.27,0.0,3343.26,0.0,87295.0,118162.71,0.0,37312.58,9676.57,1795.37,14989.97,26427.72,16539.41,70238.22,0.0,0.0,1616823.7999999998,"(2019, 1)"
8802.81,12868.22,0.0,1522.03,409.13,603.39,13707.95,3015.11,1318.58,9916.07,805.17,36457.26,28721.36,510.85,5891.97,347.23,827.8,1355.82,0.0,5925.37,18168.09,5963.21,9017.16,17508.79,11441.86,3810.56,430.51,437.94,0.0,21274.75,13180.31,0.0,0.0,3054.84,2566.51,15615.15,0.0,57028.72,544.12,0.0,0.0,1045.03,18455.67,2267.77,82955.4,8287.6,32885.2,2504.4,0.0,64583.64,82459.99,0.0,12563.91,26166.33,61566.71,230.79,1545.87,3487.84,3722.15,0.0,1143.13,0.0,6601.92,3382.3,17729.66,0.0,5200.17,9143.81,1376.65,582.94,0.0,1100.81,958.01,3782.68,0.0,2755.33,8444.39,725.32,9431.55,0.0,8897.68,0.0,5358.73,729.64,53222.18,67993.91,0.0,14923.61,5709.85,0.0,4185.14,15702.26,12333.61,43823.41,0.0,0.0,1023015.6299999999,"(2019, 2)"
23283.48,18694.8,0.0,1779.31,833.24,1024.4,16279.29,3602.07,30631.97,10852.71,7085.3,9448.16,116499.57,1831.18,9093.75,800.19,0.0,3033.72,0.0,19933.56,11220.3,2929.14,15975.07,23765.94,15942.74,16034.81,1155.67,602.55,954.82,9051.05,170358.58,0.0,9001.87,30821.32,15895.64,55917.82,13463.45,111432.62,952.74,0.0,0.0,2669.42,54346.56,2920.36,254329.15,16242.64,97404.81,7544.12,0.0,141712.98,180185.56,0.0,36698.73,54912.72,386136.2,1535.56,906.25,10028.76,8276.55,0.0,4313.47,0.0,12017.01,4078.87,10743.81,5638.12,11009.29,27686.96,3030.95,2700.97,0.0,1752.36,2070.03,7640.27,0.0,7623.95,29686.94,1148.53,20644.53,289.71,16867.91,0.0,3623.27,0.0,94904.97,231031.95,263.99,57859.79,25247.78,0.0,9404.65,28988.95,26310.37,116638.17,0.0,809.91,2800060.68,"(2019, 3)"
26626.68,15460.31,0.0,663.0,0.0,3471.18,17472.01,6238.55,27396.81,3387.26,3805.46,5833.06,34810.78,2165.05,16446.57,1072.3,0.0,2367.33,0.0,16957.9,2292.75,5921.66,9710.3,18270.06,10911.66,28064.39,37069.01,882.94,2833.89,10830.07,22952.46,0.0,0.0,6408.74,10427.58,39022.55,12876.75,107062.21,434.14,477.34,0.0,2355.31,52331.11,0.0,247147.32,25927.56,74268.69,5818.13,0.0,142209.06,118257.53,0.0,59741.31,30071.59,216926.24,3147.5,1912.59,7908.42,11408.32,0.0,19111.36,0.0,20055.54,5958.22,16427.78,3958.4,14254.36,17881.02,6670.1,735.31,0.0,628.22,6813.04,1942.18,0.0,9530.06,29246.0,1445.31,90786.73,2256.8,1427.41,163.63,12807.2,0.0,98020.21,189365.06,0.0,17610.71,14016.95,0.0,6764.72,37055.2,34804.16,146907.21,0.0,535.3,2317231.62,"(2019, 4)"
8649.42,20565.13,0.0,1387.37,0.0,4863.68,12227.16,3597.98,10354.52,3140.16,9782.84,8737.97,32968.83,602.09,7369.6,302.08,824.19,7725.75,0.0,12179.57,8579.38,45528.26,18717.99,30579.8,11209.86,36102.84,182.0,266.71,0.0,16165.35,25466.85,0.0,10710.57,12454.37,6773.15,33710.73,4263.12,68700.47,0.0,347.6,0.0,18824.23,60107.87,9606.66,153268.98,18425.32,81937.31,7446.53,0.0,133806.62,140870.53,0.0,64200.69,9082.93,237753.96,4660.44,598.19,9140.84,8619.34,0.0,22041.52,0.0,20378.03,10724.0,1661.82,4397.94,15270.04,22517.74,6232.43,1051.53,0.0,544.1,22753.3,1197.75,0.0,1843.22,9965.47,1663.52,92263.91,1129.21,8740.73,0.0,10087.42,0.0,106542.73,223836.2,0.0,18462.12,4510.41,2279.79,7866.51,37666.98,52138.46,108483.87,0.0,0.0,2249638.58,"(2019, 5)"
20116.16,21165.59,0.0,4559.39,0.0,5424.0,11184.42,14597.37,14368.35,4686.62,10260.91,10776.09,51037.75,9189.49,7980.08,820.71,2480.55,4784.39,0.0,26853.49,1997.01,8773.09,6081.97,23334.35,11777.25,66083.09,1468.67,329.8,1369.24,11688.72,59973.87,0.0,11212.06,26305.88,13002.6,62920.09,23784.75,109369.94,683.1,0.0,0.0,4812.58,89484.09,16276.78,136967.78,19497.53,46664.45,6654.41,0.0,126964.13,78447.48,0.0,30699.95,44991.52,197585.01,1057.59,3395.59,15288.33,13526.97,0.0,14111.09,0.0,29623.9,3145.1,0.0,9058.77,16124.69,24362.68,3943.41,1302.43,0.0,4217.91,851.8,20838.95,0.0,24255.89,17007.14,237.39,71538.26,288.7,3963.69,0.0,37558.35,1217.25,125624.58,357796.1,1953.18,13748.75,5921.51,0.0,12564.55,44320.59,45147.92,114827.37,0.0,0.0,2498306.9800000004,"(2019, 6)"
14325.33,11263.48,0.0,4581.58,404.98,1787.85,12045.3,7292.94,11598.61,1764.9,5407.24,4881.25,24193.6,6357.58,10575.64,4761.97,2193.88,8685.94,0.0,12235.37,3237.21,7974.36,10012.48,5334.25,10401.15,31573.98,0.0,0.0,834.4,44665.02,39656.88,0.0,2841.55,18869.37,5464.65,21514.76,23651.64,60830.47,271.06,0.0,0.0,4291.07,24629.88,533.53,117879.68,22757.39,57226.11,7395.1,0.0,93461.05,135794.73,0.0,50601.42,82246.81,177595.49,1283.18,2925.1,8606.56,14012.52,0.0,12891.33,0.0,23116.42,7254.6,35865.62,6579.03,15468.04,32420.09,4078.39,1322.8,0.0,85.95,4072.16,5481.47,0.0,5304.29,41003.56,0.0,63206.15,2914.13,16146.31,0.0,30384.68,616.22,139268.38,173393.98,0.0,14526.96,7925.02,0.0,12485.13,35445.14,98988.16,157218.79,0.0,0.0,2180193.09,"(2019, 7)"
29794.76,10726.7,0.0,667.21,791.88,1410.86,11930.01,11188.03,19327.93,2185.57,10024.19,5120.86,28917.89,10386.29,9071.61,532.91,1028.52,14957.28,0.0,29841.97,7339.58,7353.4,16452.87,19909.98,11469.26,24952.21,0.0,0.0,0.0,24649.81,58426.22,0.0,14128.72,24299.46,3552.19,33642.94,32043.91,43205.42,772.89,0.0,0.0,3266.87,20383.03,382.96,194935.58,12980.14,40757.82,5114.82,0.0,73008.51,99674.13,1461.07,27786.71,45826.24,177273.09,854.9,2366.23,6767.26,34049.23,0.0,16645.09,26655.7,26984.11,4198.95,28412.1,7104.62,15126.76,25453.81,3800.23,1459.11,0.0,162.0,3511.87,3101.34,0.0,16126.68,29885.72,399.61,30320.97,3042.99,3345.76,920.64,25695.66,925.75,161972.38,262772.84,0.0,15935.71,1713.32,0.0,6370.31,26306.84,61210.82,96221.84,0.0,0.0,2172775.4499999997,"(2019, 8)"
13982.09,11212.98,0.0,716.63,379.03,818.59,10797.42,9722.32,9726.18,2149.53,6432.66,6744.51,25571.64,12545.69,3979.73,344.84,2497.54,12984.12,0.0,23043.87,2751.25,56870.74,8630.85,7093.88,19534.85,36634.92,1342.02,980.23,604.05,25772.97,53062.65,0.0,5381.8,21837.33,2892.63,34433.96,24649.11,57438.85,610.59,979.89,0.0,3362.12,80552.89,9543.11,100587.72,17534.66,116612.84,12290.47,0.0,68935.97,76653.31,0.0,51638.6,59462.35,177760.85,2284.49,1516.62,6362.66,39761.83,0.0,15743.04,20082.59,46988.31,4389.68,26876.53,6036.48,11915.65,26154.08,2815.09,576.61,0.0,487.47,2915.11,13117.46,0.0,13050.27,20697.39,0.0,16859.18,1560.12,1920.3,0.0,41800.24,0.0,118709.09,267702.56,0.0,7934.21,5133.02,4663.63,5198.87,23569.09,95326.95,89003.22,0.0,0.0,2231238.67,"(2019, 9)"
11949.09,7955.07,0.0,685.26,414.22,1666.08,7195.52,5099.14,4885.36,2773.38,5791.0,3747.24,6695.68,3460.59,4564.81,554.33,1105.42,1846.77,0.0,44515.86,3227.03,89205.8,20940.41,16472.42,12236.58,32013.92,1051.0,117.27,2418.18,24986.45,48764.54,0.0,8067.71,22890.61,2350.51,15483.67,1565.17,32894.13,424.17,0.0,1395.06,2051.33,12613.65,10101.69,84678.59,15106.93,27744.09,8267.24,0.0,76442.55,127853.92,0.0,36748.53,61061.61,136739.16,1122.89,2582.72,2425.43,19159.6,0.0,24704.2,12562.1,56329.12,2148.24,16064.57,3413.52,8330.44,27814.55,2629.86,172.22,0.0,15694.95,33864.92,1984.1,402.18,13129.15,14308.99,0.0,15423.36,774.35,4404.58,2193.34,21284.8,11573.61,110001.18,173711.63,0.0,6105.02,3945.34,0.0,4185.01,62676.63,45322.08,90552.15,0.0,0.0,1861815.5699999998,"(2019, 10)"
15092.94,11711.12,0.0,10664.77,0.0,1337.1,5760.27,6126.33,5201.81,2616.02,4395.81,1437.41,14901.04,7951.83,5771.69,7771.61,0.0,1666.79,0.0,49567.66,5027.8,16769.84,11083.71,14977.81,10194.59,31460.14,183.8,0.0,1818.32,26392.17,42024.86,0.0,5233.22,14329.69,871.0,15548.37,15806.98,36482.64,0.0,0.0,0.0,2420.8,17754.9,0.0,105128.22,8916.06,26531.86,11288.17,0.0,58738.77,72617.89,0.0,39760.83,56697.86,165618.56,1270.45,2541.88,5143.87,13798.3,0.0,23726.56,12944.8,17773.27,9863.77,26018.39,7245.64,20095.62,22236.39,3285.16,1966.61,0.0,2288.17,931.15,3749.59,970.57,8536.51,39703.75,0.0,58614.7,1914.17,6782.43,8475.28,32906.92,0.0,106462.33,243071.69,0.0,9213.49,5755.7,0.0,12649.84,36206.36,48490.25,102766.15,0.0,0.0,1863052.8199999998,"(2019, 11)"
22931.65,12606.3,0.0,39203.96,412.28,3904.51,7723.72,8277.16,20421.75,1848.88,7706.42,4730.48,19782.15,467.88,6192.27,4301.71,1178.56,2541.97,0.0,105330.82,3001.84,16530.81,9140.21,3911.23,43581.67,23606.35,0.0,0.0,608.08,17414.08,58428.23,0.0,5226.15,26432.01,5960.35,28579.35,23744.93,44179.14,1452.66,0.0,0.0,7314.77,22629.18,19802.06,110716.88,8683.66,39616.4,4148.37,0.0,72682.34,78477.67,0.0,62065.5,64053.63,280200.33,550.32,4364.12,1940.05,11511.97,0.0,23041.51,11379.99,17203.33,3402.41,23102.76,1832.39,20311.81,28589.3,7378.42,1121.12,0.0,1270.97,2266.66,15904.6,1371.97,7321.59,24181.73,0.0,43738.05,58537.87,11374.18,8324.38,68777.49,3109.71,175635.28,226113.86,0.0,3507.85,2204.88,0.0,7361.01,30400.07,52432.89,149875.97,0.0,496.84,2401687.6999999997,"(2019, 12)"
7368.96,8252.03,0.0,51272.3,0.0,6850.25,4138.53,3699.86,413.01,794.18,4864.99,5250.12,6301.1,9175.34,1134.36,10459.59,0.0,3654.34,0.0,18586.62,5768.75,5739.89,4511.68,17045.68,18268.89,16436.46,0.0,0.0,4540.13,12909.8,26131.97,0.0,7940.25,7386.4,3520.29,45089.5,34142.31,34400.68,261.08,0.0,0.0,3600.63,15508.37,18755.62,69490.91,4480.91,8225.91,5746.36,0.0,27845.86,58820.21,0.0,12165.58,22453.04,80195.09,423.55,3454.44,878.58,9576.81,0.0,5529.39,3701.69,7292.16,14333.66,7353.23,677.14,6683.54,10437.89,1858.14,334.7,5348.01,1426.67,4553.67,0.0,867.46,916.81,12350.3,0.0,20806.19,13901.06,3922.47,3223.17,17735.92,3511.88,78876.91,71380.45,0.0,3076.63,2401.44,0.0,9583.45,13988.81,33778.82,65505.22,0.0,0.0,1153288.09,"(2020, 1)"
2838.07,443.9,0.0,6088.66,0.0,4924.82,849.12,2179.17,2729.32,138.21,1190.47,2145.16,11849.54,515.09,678.38,1085.29,1590.04,0.0,0.0,5398.16,0.0,1444.86,0.0,1732.49,2569.58,6883.65,494.37,0.0,375.6,4903.53,4756.41,0.0,5041.83,8531.7,912.87,10692.12,3259.92,5319.24,268.98,0.0,705.93,1284.72,13626.26,833.52,19354.34,1690.08,13029.06,1908.48,0.0,4954.63,17379.56,0.0,5710.15,15054.48,18320.23,87.83,684.06,0.0,1479.37,0.0,924.34,3442.7,5858.17,378.92,0.0,0.0,5313.91,5911.83,421.53,120.77,0.0,274.23,0.0,0.0,0.0,3419.57,6205.98,0.0,4710.01,1731.47,1862.41,3296.68,5031.62,2667.03,40204.13,33251.44,0.0,2841.2,0.0,0.0,2175.7,10782.84,12416.49,31843.4,0.0,0.0,403019.62,"(2020, 2)"
7902.03,4793.32,0.0,32372.23,0.0,17343.0,3453.15,3548.87,2789.63,1156.95,11525.79,5041.5,17293.73,1942.8,1385.36,5921.55,0.0,8859.73,0.0,79876.66,4894.8,2912.64,118316.75,15232.44,19738.02,25559.49,826.15,0.0,320.23,13773.78,32356.33,0.0,13846.93,6865.29,1808.51,41357.12,35260.74,19471.76,2444.74,0.0,469.7,1818.36,17826.28,6626.66,63323.17,5916.01,19022.33,2853.09,0.0,27083.92,92192.82,0.0,18679.62,11054.97,269759.75,749.68,5482.94,361.88,7238.41,0.0,7711.29,7453.18,28294.26,3726.67,8912.65,650.06,30735.41,31804.59,2093.97,50.95,20916.44,2230.96,903.62,834.54,978.45,1213.98,8849.62,339.49,15298.09,21963.68,0.0,3791.98,17399.85,8097.5,134310.96,102538.33,0.0,7979.07,0.0,0.0,6972.32,63367.2,43343.26,101901.62,0.0,0.0,1795315.5999999999,"(2020, 3)"
8227.42,6321.79,0.0,21994.77,0.0,44560.35,7066.93,9305.67,12501.46,2472.34,13203.72,8310.0,10540.61,1647.7,1163.33,4418.27,0.0,4731.41,0.0,38269.74,6563.19,8842.11,59670.86,48474.76,15898.31,25316.04,1930.39,0.0,0.0,13970.07,55848.26,0.0,0.0,7992.97,4033.58,34614.36,32220.78,16041.67,719.74,216.31,453.77,5092.09,19451.44,71056.07,54368.44,6645.14,29052.5,7266.33,0.0,42220.98,81021.25,0.0,14503.15,23171.49,263002.99,943.83,6769.69,0.0,10051.25,0.0,6471.27,6030.24,19332.37,1931.51,11045.37,0.0,15542.08,25879.23,3115.41,111.06,2575.28,4177.02,245.9,814.33,1544.47,905.75,12082.61,225.9,7901.91,12408.43,10325.64,3257.04,15843.92,6090.2,152930.79,111565.71,0.0,6365.31,5273.95,0.0,12578.05,70959.98,42329.03,98439.96,0.0,0.0,1830459.04,"(2020, 4)"
6684.47,7604.87,0.0,37357.27,0.0,44471.64,4195.98,8359.53,8108.57,804.92,6734.41,21768.5,14137.87,0.0,2750.15,5606.76,0.0,6284.16,0.0,49062.73,5898.31,3085.71,5223.37,40444.27,13460.13,31446.41,711.08,0.0,0.0,29933.33,77986.86,0.0,5260.22,14647.28,731.73,36550.08,22946.54,13322.56,4531.42,0.0,0.0,1841.11,14721.03,32215.85,76459.39,14310.93,36401.23,5569.99,0.0,47345.82,103494.79,0.0,17862.12,22139.77,296911.51,768.35,24978.01,210.51,11855.85,3502.47,9744.41,24999.46,50827.87,562.32,4722.54,7161.3,18736.36,25908.5,6772.9,168.83,757.21,2391.3,31131.15,2110.6,1439.25,2074.96,20601.12,1685.92,16779.62,62270.34,989.24,5860.76,8613.53,18581.71,145648.42,104782.11,0.0,9245.85,11975.09,0.0,16825.13,74942.54,59117.28,153038.12,0.0,0.0,2141165.6,"(2020, 5)"
19116.77,6263.92,0.0,108774.89,0.0,35555.64,6137.57,11340.15,5064.56,766.1,8408.83,19498.79,112548.52,0.0,3942.34,2940.37,0.0,3401.83,0.0,46613.96,5300.31,45652.93,8409.44,116506.37,84304.62,47117.92,392.17,0.0,5621.58,14467.68,178614.27,0.0,10185.97,18005.27,2802.44,29885.35,2475.32,25060.63,3988.84,304.39,940.04,4896.03,24877.38,45964.86,98187.16,18981.63,54836.93,5119.19,0.0,42928.31,74894.49,0.0,131792.06,33478.11,244610.09,452.49,60206.88,0.0,14536.45,3725.04,16945.08,11621.95,50881.66,2504.18,28002.73,2025.45,19252.02,51847.76,3843.15,269.59,74849.7,7539.08,3838.06,9894.59,833.51,2149.13,14200.95,1023.03,29081.8,94254.37,7000.24,6443.66,15718.4,51011.32,184907.15,126706.28,0.0,6405.28,63138.71,0.0,13586.16,70048.06,75001.7,152078.36,0.0,0.0,3046799.99,"(2020, 6)"
9567.28,5862.53,0.0,108857.48,1423.35,42566.76,7689.05,11021.36,423.66,1852.42,15507.97,14838.62,21832.23,7004.42,1384.07,5826.69,1326.21,10409.21,0.0,52210.49,7065.77,69027.93,9173.85,46461.43,60078.46,53750.59,5365.74,0.0,298.36,22574.68,130558.72,0.0,10353.6,14548.73,3666.55,17659.27,15641.46,25084.05,1562.96,0.0,979.91,5968.7,55774.73,32625.13,79663.95,17926.56,40818.31,11627.17,0.0,27858.48,97018.19,0.0,25093.27,95911.95,230020.48,615.4,56896.38,0.0,17458.16,6618.68,11989.18,9845.47,78832.32,8735.86,1370.66,27487.37,17611.52,43368.06,10474.3,1382.78,7360.58,5413.35,999.9,2342.25,1982.16,748.77,26937.41,0.0,36988.59,65714.46,11954.8,7332.77,14844.52,23395.69,217989.94,151637.75,0.0,7293.46,17230.66,0.0,14978.7,79956.92,103373.39,193704.53,0.0,463.55,2819093.07,"(2020, 7)"
10356.47,8606.37,0.0,174722.92,0.0,52551.81,6111.92,10842.16,5643.55,1833.6,14277.07,19916.59,29903.25,5277.15,2665.46,21509.87,1334.36,22144.04,0.0,54559.37,10178.03,15221.86,12559.58,13663.51,115785.23,68970.02,7814.68,691.51,286.92,28797.52,86702.64,0.0,11555.72,16872.7,91929.57,29658.22,20805.28,33184.49,822.12,0.0,946.9,23377.75,42385.53,11808.69,129041.39,22195.77,59090.69,1825.03,0.0,31900.83,57260.12,0.0,31162.53,90531.41,279343.07,207.96,124805.51,0.0,10392.78,6764.36,50987.16,16108.39,66938.26,4397.34,14873.0,21510.05,19058.66,37365.92,12718.76,4798.49,10293.24,13874.67,6273.72,2986.02,712.59,0.0,22439.06,504.22,42822.98,96466.32,12733.62,3954.5,47509.72,28512.79,194170.25,147454.52,0.0,11171.03,4170.52,0.0,18541.77,56228.59,141436.6,136076.65,0.0,0.0,3177885.29,"(2020, 8)"
16873.79,8997.46,0.0,340705.84,0.0,110590.9,5410.75,11011.69,24096.73,243.45,8537.62,30620.14,31888.99,6413.79,810.08,8509.95,0.0,21666.5,0.0,92416.88,3681.4,2616.67,8073.4,22256.04,70282.84,50512.67,3902.52,0.0,1544.08,33236.79,88739.88,0.0,5292.35,16726.87,94694.19,22534.76,15735.45,51927.72,643.3,254.81,0.0,10437.73,18471.61,38878.23,244002.96,19853.53,167369.34,5063.67,1417.59,29469.91,141551.68,0.0,11514.36,72485.27,490793.31,459.7,400274.86,0.0,15556.27,13075.97,33707.91,9871.69,37855.06,4453.16,47443.24,33760.92,127146.37,32025.28,11729.34,10541.61,17599.56,2535.62,7080.67,1296.18,1780.71,2417.24,31559.8,0.0,82678.72,140041.03,13549.79,12357.44,40579.88,28397.41,366062.26,139599.76,0.0,7471.62,0.0,0.0,17955.27,74935.93,472095.08,132896.11,0.0,914.99,4834465.940000001,"(2020, 9)"
17459.4,10046.49,0.0,174888.65,0.0,66504.75,3539.23,7225.32,8580.91,535.96,3526.1,29529.69,19970.44,31059.15,0.0,22563.27,6720.08,11059.05,0.0,46376.99,3638.31,71367.07,9935.14,85584.59,225314.91,43258.18,7694.0,0.0,1321.25,22657.96,81516.37,0.0,6100.04,18449.52,59112.15,15194.16,6044.27,31420.08,1640.9,0.0,1378.22,11242.06,149608.22,28034.54,103687.69,13838.95,50965.41,6678.2,95.23,52621.56,117536.3,0.0,8730.21,92846.63,516771.57,906.82,81604.08,0.0,14039.08,12159.52,83327.46,22304.05,40217.83,2110.73,24749.22,144524.76,17098.44,33187.24,6613.21,4802.28,392.92,2454.63,15009.21,2086.86,734.17,890.18,34640.94,0.0,80211.41,103672.23,5199.05,17811.81,51460.21,29870.2,252658.58,154408.56,554.08,17660.42,0.0,0.0,18904.32,70007.3,170156.73,103164.2,0.0,0.0,3923461.9,"(2020, 10)"
16218.94,6197.82,0.0,268357.85,0.0,76955.08,2464.46,9094.69,8109.64,564.39,18425.13,27674.36,37037.37,0.0,2676.01,24703.34,1971.02,18911.93,0.0,176044.82,13365.2,178100.15,14175.31,91429.35,170877.96,68125.58,16031.27,239.71,862.71,27321.48,57741.4,0.0,2673.99,18622.82,90084.51,12645.43,79883.46,80903.86,1102.23,2878.55,461.99,59340.95,51142.44,43104.05,112714.31,14971.23,54513.33,37045.15,98.86,45140.36,64354.05,0.0,8344.97,57550.03,280632.43,538.77,75980.45,103.65,12831.41,15323.34,52046.08,22774.36,22743.49,7590.94,18649.5,155827.29,18405.78,30686.67,5635.05,5202.37,289.16,1815.52,12910.2,1406.13,1593.29,0.0,27512.69,0.0,97162.65,129111.51,3964.72,9971.16,67250.94,16968.28,221546.61,132897.34,0.0,42654.41,0.0,0.0,13697.74,57532.5,163310.53,258623.11,0.0,0.0,4156443.6099999994,"(2020, 11)"
32730.56,18064.63,0.0,269694.04,936.18,88604.35,8527.16,12842.7,9086.31,985.53,17210.25,35010.6,66482.72,1191.26,694.79,21212.83,0.0,17973.66,0.0,133575.96,17227.31,44789.09,21795.06,163363.32,70526.81,27672.55,13243.78,319292.06,78144.54,24393.56,72895.98,0.0,30904.71,91298.11,85823.13,17950.69,38213.68,111637.27,920.38,18497.34,0.0,50075.24,63026.73,46614.21,110196.73,26627.23,136023.5,23704.78,89.91,80268.72,181355.85,0.0,4252.83,79980.51,325155.1,110430.53,62033.13,0.0,39683.5,33004.34,69239.36,22534.11,25144.27,6368.89,39800.56,606407.64,19130.2,45124.0,9078.13,4773.61,1639.47,2905.06,9756.5,0.0,1896.2,0.0,35815.34,0.0,196783.42,221954.19,908.25,8677.79,121895.99,30618.65,318646.11,319159.99,0.0,58222.24,0.0,0.0,22638.07,51623.83,119329.35,222215.21,0.0,1274.87,5949497.039999999,"(2020, 12)"
139229.64,14087.68,0.0,265326.78,471.2,72989.15,6042.25,5840.49,19492.07,191.69,5920.85,14692.8,56740.46,3633.9,431.52,16952.05,4377.81,17898.1,0.0,91833.63,13050.45,15009.95,17226.52,35959.29,54047.63,67038.95,11840.28,44497.63,21003.14,23824.28,97775.49,0.0,5776.27,68893.08,103705.67,34755.96,37442.14,136283.6,486.27,0.0,455.82,10467.52,90123.44,62922.0,91666.63,24966.93,108766.34,27093.04,107.57,100095.16,87663.5,0.0,0.0,63900.94,344696.65,51009.54,120817.15,0.0,48206.55,41496.33,29577.07,19323.05,15420.55,5730.91,48182.3,226588.26,15395.44,22132.24,5784.83,3655.01,196115.77,850.69,30180.56,0.0,1306.39,4809.19,22554.75,1939.77,61739.2,185344.95,5946.13,4640.66,98632.41,17447.26,282240.79,149855.87,0.0,31120.32,0.0,0.0,27275.49,80574.6,91040.43,113407.1,0.0,1853.04,4599888.8100000005,"(2021, 1)"
39535.28,13434.98,0.0,90931.96,0.0,37425.12,3935.21,4263.38,4844.32,0.0,4180.53,11336.05,36744.05,0.0,0.0,10218.83,1365.18,12884.39,0.0,34080.46,6061.16,2214.8,6860.72,24882.32,34730.75,23851.04,10315.89,11528.17,12924.37,15656.39,42448.91,0.0,5642.34,56529.46,42456.42,25087.38,47958.79,112401.71,0.0,0.0,474.14,15969.98,36330.71,14141.87,44730.45,16505.91,62619.34,17293.61,0.0,24777.6,53921.93,0.0,1042.17,18717.75,142529.23,19972.05,44035.87,0.0,27709.35,15671.01,25789.16,9715.0,7656.62,2288.91,36197.02,42780.08,7053.55,17309.77,3954.51,1799.82,3722.55,2569.15,10281.35,0.0,1533.22,2505.3,10778.56,1957.15,33511.6,152087.27,0.0,1330.83,48292.31,16747.97,116170.35,189640.57,0.0,32540.16,0.0,0.0,10750.07,28145.07,45926.32,75181.51,0.0,0.0,2281389.08,"(2021, 2)"
64290.01,13646.28,0.0,156728.68,409.24,103792.15,4688.82,8083.75,5830.42,175.51,8901.14,20112.08,91015.92,6465.32,0.0,30027.23,2731.92,24967.79,0.0,84420.35,13628.24,33855.2,12170.89,13421.88,59439.3,30861.33,13578.92,27113.16,32416.0,42006.48,80320.49,0.0,8436.85,52932.22,85282.61,26197.31,27971.38,144339.36,524.52,623.01,737.07,13433.5,96264.1,64508.11,81352.31,18157.23,72192.18,26673.93,299.46,50659.14,77652.24,0.0,285.39,51203.32,269393.62,16273.43,121816.57,0.0,37402.5,32245.67,43646.19,14805.82,2853.9,1303.25,41550.61,39876.16,10919.51,27540.92,6733.57,7632.6,49576.77,5321.04,17887.41,1817.45,2659.29,9144.12,16627.18,196.19,185564.72,306122.31,4484.2,2663.04,75497.73,24784.09,251960.83,201144.42,0.0,38742.62,0.0,0.0,13965.71,59800.31,84896.42,92469.64,0.0,0.0,4004143.55,"(2021, 3)"
12449.91,20505.19,0.0,164941.53,1271.52,86096.67,4309.03,5135.53,27917.03,230.87,7819.04,11418.3,74611.79,6700.27,3311.28,37916.12,6275.97,17676.28,0.0,83720.51,13388.19,12141.01,31872.18,27361.45,68002.21,94493.24,17015.08,82915.69,42723.68,28380.67,105789.93,0.0,5653.62,46125.67,65553.12,17059.8,34972.76,251562.26,225.51,0.0,494.45,15553.24,50406.05,36323.95,66922.1,19590.02,62057.5,33339.27,0.0,53455.26,103762.55,0.0,583.06,45185.69,241375.73,25563.9,92013.78,0.0,34273.25,22985.44,41905.18,10927.37,4097.3,3062.28,59024.84,28678.86,4938.6,27968.02,6545.34,3367.41,81856.54,4311.18,22717.02,1853.62,2205.68,10617.54,11856.89,0.0,12028.92,185995.7,2400.11,1006.64,86837.69,27397.56,198611.85,221199.34,0.0,36911.95,409.36,0.0,46331.27,41483.36,70781.88,57878.81,0.0,0.0,3736636.2600000002,"(2021, 4)"
121427.16,15415.25,0.0,74260.5,451.88,72695.45,2582.21,5469.67,0.0,1618.31,6863.39,6299.56,69778.57,6102.85,0.0,87281.33,1057.82,8039.6,0.0,64099.14,6330.24,51709.77,22851.12,34399.33,62275.96,31676.0,10986.62,45609.83,45106.75,29403.28,97752.44,0.0,5190.46,22338.89,63573.56,21931.41,11100.81,254609.49,0.0,0.0,466.62,47663.38,78422.22,45294.96,42398.5,16815.29,116661.65,40339.72,176.43,52729.2,113559.61,0.0,0.0,49267.54,249194.36,15370.3,95040.61,155.76,26279.55,20902.29,50549.19,2459.9,8989.85,4804.61,48055.73,5424.73,3469.21,30287.98,4054.64,2479.12,44022.9,1576.77,11858.82,0.0,2186.5,21549.41,52000.71,1862.29,13574.21,109226.14,3491.77,2611.76,92402.72,26538.8,253610.05,213520.19,673.35,28427.83,0.0,0.0,22495.32,64922.13,51872.86,71280.59,0.0,0.0,3621306.7199999997,"(2021, 5)"
225333.13,14976.7,0.0,90739.66,0.0,64071.16,51405.65,8973.57,12397.37,232.71,7255.58,5150.61,53898.45,2918.45,0.0,22196.91,1359.74,14467.34,0.0,52072.1,5436.25,5001.9,17082.13,43979.65,37999.5,26272.51,14017.22,9712.54,37597.82,50962.3,30355.8,0.0,803.45,30239.79,48226.77,22700.79,31040.81,144706.3,1761.02,0.0,0.0,22586.91,49055.32,20247.91,33060.33,8181.7,40954.61,31376.56,731.14,28959.63,68126.5,0.0,0.0,33354.75,187176.09,3814.61,35888.2,0.0,22799.68,28027.02,74988.05,2767.39,2974.13,2791.23,36585.94,322487.15,7283.89,18952.27,3793.4,2141.9,24161.33,374.47,17427.79,1463.94,784.98,13963.84,12307.42,0.0,22207.87,87550.26,2071.75,1823.95,41493.77,31162.03,129910.79,118050.22,0.0,39259.0,0.0,0.0,23165.95,37625.01,26604.68,32444.42,0.0,0.0,2938305.46,"(2021, 6)"
99181.39,11823.82,0.0,91556.37,1863.69,85108.47,27084.88,8481.52,12165.55,0.0,5149.23,3164.93,46843.95,1089.49,0.0,18710.38,10121.98,23334.51,0.0,34745.58,6456.28,0.0,24215.76,19046.02,55504.71,30277.07,16256.36,9785.01,24486.94,29831.59,33785.44,0.0,7861.85,19385.22,55264.78,16720.72,49321.4,23513.72,0.0,0.0,0.0,15109.81,113881.43,60763.46,22948.66,13369.88,93362.0,29592.13,0.0,26864.16,52053.77,0.0,0.0,50033.42,201492.02,17162.03,37168.97,0.0,15220.64,37005.99,88176.69,22047.15,12172.23,12126.38,29528.71,82119.82,9211.07,14063.25,10328.08,2205.08,33105.46,1415.37,2199.83,824.63,2012.15,44641.62,19090.08,0.0,64790.67,70341.95,2377.48,0.0,50538.84,11821.99,190898.32,209736.63,607.15,41475.6,0.0,0.0,3242.86,33762.39,13127.96,37948.75,0.0,0.0,2804105.17,"(2021, 7)"
50057.77,10051.68,0.0,89343.41,811.7,109581.2,30233.07,6371.4,6775.12,0.0,9219.05,938.82,51198.64,0.0,0.0,4511.36,12909.27,17125.65,0.0,58634.47,4180.12,1117.49,16008.89,12822.03,47284.61,6411.68,8715.09,5392.35,26394.24,51536.82,37455.66,0.0,3996.42,9031.16,46376.33,13180.74,23613.25,28557.01,1119.52,494.47,0.0,126153.08,76178.54,49264.29,28031.3,17592.48,59761.4,20422.6,443.45,19582.43,75244.43,0.0,0.0,59946.09,235874.29,24412.37,29856.08,286.04,32781.44,52637.85,94691.04,11475.58,8253.65,5251.71,42781.29,40397.14,6168.76,23534.78,3533.38,2386.16,4982.93,3139.48,6116.16,0.0,1681.01,29897.64,14731.59,82.4,151968.32,66473.86,6732.13,5897.67,47126.61,6903.12,136454.51,87448.87,0.0,25971.82,0.0,0.0,14030.19,28459.16,24485.64,21529.28,0.0,0.0,2632504.5300000003,"(2021, 8)"
22291.01,10974.17,0.0,43205.67,0.0,67477.42,16508.7,3224.12,20452.44,0.0,5209.3,1115.4,33835.92,3974.64,0.0,3805.17,12847.56,28480.57,0.0,68169.41,5211.56,0.0,23157.92,7599.28,52308.08,9266.81,8950.27,9032.71,47196.7,29806.0,72596.7,0.0,3446.75,21589.22,31035.55,11036.01,33429.8,12028.12,524.28,0.0,0.0,88404.64,61758.14,156522.8,20530.15,18195.76,36887.39,16617.37,0.0,37095.45,69767.9,0.0,389.58,26370.52,198739.19,11327.15,29679.48,133.66,10802.54,40157.32,86820.39,16228.27,66268.32,7001.62,32814.38,20118.59,5560.38,12606.47,2632.23,1153.49,13801.72,8625.28,10650.55,0.0,1476.44,9491.96,64835.62,0.0,25744.87,175154.93,4807.02,0.0,40917.03,3243.0,219935.63,86294.14,0.0,22257.28,0.0,0.0,15372.86,32943.62,24084.48,22547.49,0.0,0.0,2576554.36,"(2021, 9)"
17255.42,14627.59,0.0,59230.44,0.0,40447.56,27579.22,2760.95,6253.68,25499.18,10197.3,824.79,42723.32,12042.93,0.0,8320.17,16797.03,17752.91,0.0,46121.78,1167.2,0.0,17911.67,12056.43,47514.83,14642.25,16859.6,13717.38,25476.91,10769.69,51668.93,0.0,0.0,17419.83,12030.97,179275.37,7803.6,41073.34,672.86,0.0,458.84,74663.65,39011.76,211076.22,24997.02,20898.45,35643.51,19271.61,0.0,28225.06,64496.38,0.0,0.0,38514.64,160214.68,12405.34,30322.05,0.0,25858.64,55548.24,92018.27,20568.69,59973.35,3543.21,24127.9,28232.8,4440.33,44588.24,2690.48,1127.26,16984.55,128.04,8039.01,0.0,0.0,3155.51,45057.97,275.61,159733.41,107359.22,0.0,0.0,50929.03,13233.21,173087.56,86636.91,0.0,13176.12,0.0,0.0,14060.59,34920.75,20365.42,23724.82,0.0,0.0,2712279.48,"(2021, 10)"
11267.58,11271.33,0.0,137115.71,0.0,49574.91,38623.88,4535.62,5464.54,22224.72,5602.87,704.55,39695.67,0.0,0.0,5276.03,55320.38,21409.22,0.0,32530.44,7006.9,536.54,6495.34,49627.84,74881.86,45033.39,30805.47,75767.48,30896.37,28761.36,39032.09,0.0,436.33,24128.64,16040.32,245623.02,15378.16,54300.19,219.97,0.0,0.0,109630.0,14264.18,13150.43,45019.32,19884.49,39909.73,137849.92,0.0,36162.34,73525.06,0.0,0.0,52385.17,213916.45,24400.65,17565.65,0.0,34750.38,51280.77,97014.01,61484.37,52077.23,3534.48,10616.45,68656.93,3273.85,35190.99,3744.16,1627.35,48513.39,2615.59,17750.01,0.0,0.0,8515.09,43548.52,0.0,169773.36,109473.36,1450.07,1316.59,110605.94,30418.43,145002.09,74437.6,0.0,16109.27,0.0,1650.99,41827.56,38602.84,19829.08,26951.63,0.0,0.0,3314894.4899999998,"(2021, 11)"
24490.89,14802.59,0.0,123645.73,0.0,44930.61,16114.78,6245.35,8071.87,57633.56,11813.0,424.85,64595.35,8738.27,0.0,87083.86,66654.72,35985.93,0.0,38359.6,1685.08,285255.34,11947.36,311709.75,58603.16,18797.22,35210.44,127284.4,71177.66,30823.72,42049.66,0.0,0.0,10928.47,25837.39,103854.05,14931.22,182681.91,221.38,0.0,480.44,90743.3,63663.15,48753.17,34545.5,19102.73,68777.57,133075.87,653.7,73301.52,107495.99,0.0,0.0,79373.24,342041.01,17485.59,51524.7,0.0,52012.45,51701.72,179219.2,30001.27,47716.17,7630.94,142064.71,542251.17,7283.27,25357.56,4619.56,2095.77,36236.91,470.96,3058.18,2420.92,1317.24,10110.32,45311.53,3504.05,176374.78,320451.87,134031.45,1123.79,93550.96,21453.47,289933.64,242278.04,0.0,10934.98,0.0,0.0,47488.96,49436.31,17793.07,62561.15,0.0,0.0,5735403.0200000005,"(2021, 12)"
2116.24,6800.33,0.0,43853.58,0.0,38240.72,1331.29,3031.86,4862.57,14893.84,2660.36,438.81,12960.57,0.0,0.0,7296.92,9109.68,16054.3,0.0,13033.17,1011.4,37240.18,7560.28,33457.58,53282.58,70971.97,12284.58,117160.22,21057.44,18628.38,20277.64,0.0,0.0,4750.07,25607.97,48423.22,9655.59,17725.35,0.0,0.0,0.0,41807.89,23479.92,15920.54,21505.83,9828.65,33643.49,55341.99,745.09,34129.75,34189.58,0.0,0.0,150793.75,111305.96,13878.4,17206.77,0.0,32609.92,32335.25,59637.38,45184.51,13698.38,1950.58,19867.68,116692.74,8143.33,20832.8,2682.24,1638.4,37411.29,0.0,981.84,0.0,2109.58,4703.96,32851.77,0.0,107769.01,55653.28,17688.19,0.0,56329.9,24106.13,134195.02,25189.78,446.35,9419.99,0.0,0.0,15745.97,29207.66,11521.07,35511.9,0.0,0.0,2195672.2,"(2022, 1)"
1700.66,7329.54,35326.43,30958.12,0.0,25996.36,655.68,925.52,21363.58,11844.42,3223.53,478.43,7855.43,2899.79,0.0,4298.02,79224.84,15478.07,0.0,7953.68,285.22,10784.41,4728.09,39836.22,52198.43,4163.88,29625.11,597868.08,18323.78,18573.69,14355.33,0.0,0.0,10776.93,16266.61,54613.1,42786.74,17665.04,221.87,0.0,0.0,16393.77,7119.74,1014.13,11244.49,5543.87,19482.79,37703.34,725.35,13397.42,49947.81,0.0,683.81,32997.64,89007.16,6052.18,13922.28,0.0,40882.72,14217.63,42564.63,16014.76,3129.45,519.59,19121.21,69007.78,5564.14,13590.97,3782.79,1640.17,23205.59,6589.56,1707.55,0.0,0.0,4031.79,36343.96,0.0,96434.37,50123.56,19937.42,960.68,62915.54,14672.68,61228.6,39140.63,0.0,4060.04,0.0,0.0,20350.01,14247.35,7172.0,15140.02,0.0,0.0,2204117.5999999996,"(2022, 2)"
4627.08,8727.03,17169.85,60545.09,0.0,36804.44,345.39,4788.43,39375.64,13400.02,7490.46,0.0,18012.33,14203.52,17721.86,15206.33,26561.78,30343.64,0.0,13028.16,937.21,62321.74,12029.53,69724.09,31020.04,4185.26,9861.99,134902.36,39893.08,14043.37,21869.14,0.0,381.89,7315.13,14839.34,76663.27,9143.93,83128.24,401.64,0.0,0.0,35696.88,25680.53,13826.41,15634.29,7433.59,30093.57,44504.24,1178.28,23767.08,50397.51,0.0,0.0,69942.96,140398.78,12059.18,28765.66,0.0,27023.28,39469.86,77371.71,20329.61,9381.76,1479.83,21027.11,158303.47,7051.63,22744.02,2400.68,2572.4,27856.91,1533.77,2197.74,0.0,1652.63,2323.91,46822.26,150.54,136173.28,61612.51,33140.78,5064.46,45297.73,2942.07,114520.48,62226.72,0.0,6458.93,9667.22,0.0,27888.71,25321.61,10133.92,29432.32,0.0,0.0,2461965.1199999996,"(2022, 3)"
3514.44,6471.23,15392.42,64534.44,0.0,32060.3,748.53,4662.99,32787.86,18396.11,9340.97,379.94,14975.72,0.0,14329.79,17876.38,11197.6,17586.91,0.0,13646.15,17096.67,22021.62,17963.33,37935.48,27279.0,0.0,15627.0,113524.49,50384.04,14423.15,18102.11,0.0,0.0,5716.93,10908.79,102441.45,4490.9,45180.63,496.67,0.0,0.0,24189.8,22989.54,6977.64,16833.43,9113.93,37414.61,36912.98,1368.81,19438.08,57516.36,0.0,0.0,47069.09,115631.99,8740.13,24443.36,0.0,26840.87,18542.4,75107.61,17951.3,11733.71,3928.3,19694.5,89656.94,7413.27,19152.59,1943.27,973.49,24828.98,1190.75,18374.3,2256.18,505.03,23569.67,60550.23,206.45,116699.68,54775.9,18863.12,3427.01,106463.78,7954.34,111870.25,61647.81,0.0,5904.1,4849.9,0.0,30631.12,33304.56,10532.26,21131.04,0.0,0.0,2222608.5,"(2022, 4)"
5676.93,13909.59,17170.08,111242.6,0.0,33728.66,2306.48,9083.79,13182.99,13129.32,9180.07,380.01,23146.01,8830.87,13328.87,16816.63,24295.64,25244.09,0.0,66853.09,1594.21,16493.58,22598.18,53729.8,30162.85,1899.5,6304.59,148604.75,52806.57,45742.35,31355.48,472692.41,0.0,6597.49,15207.33,140749.92,40701.53,93378.88,0.0,72671.59,90.76,43047.4,48201.87,7483.32,23675.1,16605.22,41985.22,42345.3,955.24,19086.24,58258.97,0.0,0.0,50103.7,131938.41,8377.97,25799.09,180.76,17468.23,16528.35,72121.58,11662.03,6006.22,2172.53,20660.65,191273.78,63164.55,27712.24,5088.3,1851.03,33915.72,1921.68,0.0,0.0,19449.58,5855.9,47404.46,2252.38,79258.49,180321.39,31435.73,3234.86,65435.58,5593.65,120304.2,41212.63,0.0,9089.67,2455.66,0.0,32851.49,33939.96,16600.06,29574.62,0.0,0.0,3376748.5,"(2022, 5)"
5962.77,18718.28,14594.91,78640.62,0.0,31881.08,2178.79,6420.2,9899.29,25426.49,10392.67,442.55,24114.7,2848.97,11585.44,9175.05,24071.61,29274.75,0.0,16703.83,13347.67,30671.54,9892.32,128090.84,27709.63,673.14,6902.23,122438.46,57726.23,8628.32,30976.91,95342.79,0.0,7451.8,11555.34,118362.96,9668.58,163881.08,0.0,0.0,0.0,47053.5,28549.11,20783.1,23610.08,8505.54,39105.94,43858.44,1021.05,34303.88,56122.23,0.0,0.0,57422.25,136840.85,7170.13,29844.53,0.0,36219.12,34323.09,88585.3,12834.33,3886.1,1080.1,28964.18,301345.42,5812.66,26796.43,6090.3,1217.49,25164.64,2765.06,912.67,0.0,19193.88,0.0,94606.61,407.06,142558.26,125959.84,21397.03,0.0,102276.99,11742.77,171858.21,67158.89,80.36,9938.43,0.0,0.0,44896.52,55675.84,10358.34,38745.61,0.0,0.0,3192694.0,"(2022, 6)"
2415.63,26070.66,11110.35,98118.85,0.0,30988.61,3817.88,9036.17,7533.73,92360.47,7059.9,383.82,18632.8,6101.69,4055.72,33332.59,12465.01,20271.5,0.0,14614.65,13407.91,31918.68,94601.02,58819.03,41624.16,1080.94,7248.74,80536.59,41788.27,17676.27,19436.63,48837.38,0.0,3770.76,23745.43,78928.56,14285.42,54847.17,362.87,0.0,0.0,19485.09,22202.06,11368.21,25213.05,11316.29,32340.22,22161.3,659.79,44417.4,36163.02,0.0,0.0,25302.51,115682.86,11582.38,37249.82,0.0,32585.43,34612.24,56236.03,18027.6,3574.15,538.9,30586.94,162669.56,7485.49,23531.43,3222.42,336.06,19579.95,1465.25,0.0,0.0,9740.55,0.0,43147.08,555.63,81028.17,96538.36,144031.1,1591.1,79490.08,4002.62,93223.68,32030.7,80.79,2149.97,0.0,0.0,25009.65,79453.22,19618.15,54163.03,0.0,566.53,2607301.7199999997,"(2022, 7)"
150994.98,23245.7,2801.59,51764.99,488.07,24408.12,4816.09,7595.47,5044.28,41360.02,7684.61,473.61,14586.11,20728.04,15244.04,33572.76,12724.44,21264.58,3440.43,7516.66,20042.5,31812.61,54179.32,49241.86,29298.38,0.0,7355.75,91336.67,40738.92,25284.44,21703.87,17893.51,0.0,16218.9,10826.97,83747.88,15697.06,53431.21,494.27,508.27,0.0,25364.29,42600.96,12346.6,28771.31,9009.69,26376.15,59338.3,1024.86,42514.98,64871.54,0.0,0.0,54729.51,109493.99,7437.7,27051.75,0.0,55895.31,48837.53,63272.27,10477.71,5006.5,1960.55,30357.93,115541.51,5976.82,27386.07,4755.71,1750.0,27281.64,1113.76,0.0,2392.36,4597.76,2782.08,28037.35,2454.05,78115.06,71648.03,70781.83,0.0,53746.21,4581.36,100499.2,34714.25,0.0,3922.03,68185.06,0.0,18795.42,31140.55,20351.38,39476.04,0.0,0.0,2566331.94,"(2022, 8)"
32537.37,10837.9,34497.84,44596.59,447.01,21173.9,5392.97,6051.83,28009.41,38861.46,7906.8,1851.07,12813.31,3634.0,31614.47,155005.36,18163.3,20426.18,248.81,7905.99,15944.94,9382.55,25573.68,34355.14,60055.52,1352.46,4716.7,109954.69,49830.04,8553.99,16515.09,1843.12,3482.2,10211.43,8348.96,58433.93,19839.01,48278.48,0.0,481.45,0.0,23654.22,17050.19,13096.53,26341.41,9167.54,24154.46,47829.82,1367.64,33232.02,27336.5,0.0,0.0,63411.43,118955.64,4503.02,33875.69,0.0,37282.12,24950.16,66554.2,10012.44,5593.87,862.22,24054.69,93877.69,3513.52,19015.87,7246.23,1924.1,19535.64,143.64,918.56,0.0,2536.08,2588.48,47302.0,544.86,118405.27,74541.61,47784.15,0.0,49999.94,17587.52,107816.3,32605.1,0.0,4049.45,18779.2,927.95,18354.27,39107.33,12512.16,36661.8,0.0,0.0,2360693.4800000004,"(2022, 9)"
18715.0,8711.09,24721.08,27559.02,1992.43,28817.35,1612.83,5455.26,2683.37,34146.68,3711.12,0.0,10652.11,8003.87,13306.17,43526.94,17936.52,29759.31,253.67,8634.13,16274.41,9683.69,18053.71,47559.55,19864.65,2288.21,4624.73,70922.82,40138.2,24906.63,17820.6,252369.96,0.0,15717.31,22018.24,36517.02,3067.95,65053.24,0.0,0.0,0.0,29055.03,43162.12,776.44,14041.91,7036.13,22887.61,21842.52,314.16,21018.63,15088.32,0.0,0.0,30580.12,125221.64,4874.99,31620.42,0.0,7651.69,17245.71,48323.32,13614.39,7105.3,911.0,21916.55,117026.74,7642.62,22772.14,1651.45,985.76,20677.74,701.23,0.0,7194.83,1246.48,1666.88,36481.85,1494.21,143209.33,45403.84,17560.17,0.0,35309.55,8384.42,50075.0,27181.17,0.0,4947.75,23593.39,0.0,19052.06,37540.95,16199.01,28577.78,0.0,0.0,2117943.2199999997,"(2022, 10)"
11387.69,7543.43,19006.4,28154.41,0.0,15165.32,2387.56,5570.28,23095.46,24919.53,4031.25,0.0,13420.37,603.59,20419.74,9116.77,3184.4,11411.28,866.5,7095.39,7384.07,6104.85,14720.12,14491.18,16544.84,5021.07,2192.62,69080.85,23010.36,18999.13,8393.77,94004.68,199.3,16793.88,8157.74,51037.45,0.0,12319.24,0.0,0.0,320.99,12085.62,12131.35,7602.6,23046.3,6209.46,10209.22,20960.73,297.61,12788.83,9372.65,0.0,0.0,25847.46,78811.09,2389.84,20290.44,0.0,6863.33,10036.32,32152.74,3121.55,4486.37,0.0,7849.95,47880.33,3230.15,17071.78,3422.16,2666.39,8818.05,818.03,3268.15,3004.69,563.99,3292.51,15466.55,256.17,57339.02,43132.84,4251.63,1873.48,20139.51,8385.79,98384.34,18114.1,0.0,2048.97,4179.9,0.0,8239.62,30689.66,11436.09,20865.92,0.0,0.0,1321548.79,"(2022, 11)"
32888.44,11999.16,37430.23,73397.2,446.74,25049.58,2686.19,4849.38,17686.26,41489.66,4903.61,913.5,25801.37,6929.95,32388.33,32635.84,7498.75,33458.89,1960.85,19131.58,24044.47,30310.86,21100.44,45771.23,55492.75,6483.93,4198.04,114444.48,44186.98,20284.07,11244.78,73635.69,199.47,18312.0,9535.05,103346.03,3043.32,87049.5,494.98,0.0,0.0,38830.48,16702.81,14249.57,27747.89,6039.7,21996.23,63154.96,177.79,42940.26,17280.42,0.0,0.0,70948.97,168810.51,3742.63,44938.33,0.0,13910.25,16087.4,97675.86,11799.71,2154.6,6088.82,38126.6,85844.52,3629.98,23620.65,2696.22,2710.81,18514.13,76.04,2376.46,11021.65,2391.36,2403.94,38165.91,439.45,116359.3,49436.61,25739.04,0.0,54766.57,9429.84,151212.54,50174.84,265.21,3165.41,7907.87,15750.53,31731.82,47812.53,14344.06,28093.1,0.0,0.0,2610207.7600000002,"(2022, 12)"
18283.33,11523.2,7040.31,25030.07,0.0,10160.01,3262.41,3640.51,12819.83,19229.37,3556.13,0.0,7100.54,7450.72,30220.76,24087.85,4680.15,19964.47,309.7,8708.13,6213.58,10780.91,37954.55,14889.05,17327.6,8735.96,2259.38,63140.71,16185.63,22144.52,10369.25,555116.69,659.01,4707.72,3610.68,29527.62,4142.11,33855.54,0.0,0.0,0.0,7556.8,12953.47,9765.9,18707.91,5027.4,14225.04,8685.6,0.0,11709.23,5446.99,0.0,0.0,36911.43,65327.86,1309.98,13048.45,0.0,4864.8,12701.24,30896.63,8926.59,3661.78,10228.79,5879.77,46384.18,2457.42,17354.21,1038.09,819.2,4944.71,81.71,2477.27,0.0,753.75,3252.78,16520.92,0.0,31870.27,47580.03,7397.95,0.0,28734.19,463.87,69644.55,11958.07,0.0,632.42,5367.77,0.0,8619.3,57997.8,251756.66,39727.93,0.0,0.0,2004358.71,"(2023, 1)"
22453.37,21924.08,13339.64,125220.55,0.0,18061.64,3500.07,7415.33,22939.29,24380.64,10972.25,377.29,16362.37,8308.89,25169.0,18378.13,2089.02,37168.87,871.12,5282.38,75556.68,6454.4,21313.28,42240.78,33330.08,3778.28,2093.76,101039.59,20956.06,38136.17,22444.73,57624.22,1018.44,20120.47,5980.41,135398.37,0.0,16220.65,0.0,0.0,0.0,24063.03,9877.91,9251.74,51377.5,6905.07,27314.43,38029.03,0.0,37004.98,17416.91,0.0,0.0,48202.79,139357.91,2519.28,31234.75,113.13,11923.14,12381.35,57754.31,6583.33,727.94,5655.86,12018.17,115561.16,5251.14,31797.93,3699.29,2622.5,22970.62,778.99,0.0,0.0,292.41,5140.5,21741.61,199.93,68339.18,47141.07,15428.51,0.0,53713.21,5329.61,139275.37,29648.39,0.0,9043.05,12810.37,2977.11,11095.43,50386.55,16726.01,23083.11,0.0,0.0,2232685.91,"(2023, 2)"
35282.69,35247.41,30355.87,110978.45,2899.29,38058.56,9546.85,6969.65,25746.06,93886.3,14277.04,460.35,16486.11,17938.4,40073.58,38191.6,5477.75,48803.7,992.4,20352.42,83894.9,22196.93,44854.58,59684.72,68052.96,20985.11,4439.16,200302.2,40727.06,26233.61,26059.45,142911.91,8610.37,33707.48,12408.31,220448.92,7673.9,73020.62,715.48,0.0,0.0,40066.75,21808.81,11681.72,51584.0,11341.46,58498.63,71346.76,0.0,44012.5,31327.14,0.0,0.0,60635.34,235844.12,1928.79,62442.59,1515.65,27824.22,26347.31,97908.36,11709.66,2986.08,8187.92,11515.39,199387.18,4309.97,54570.74,7114.32,4222.49,43046.25,459.09,6581.69,0.0,993.58,30817.26,139986.54,0.0,98756.51,65005.17,12027.93,0.0,60677.77,1763.27,283480.76,32089.58,0.0,6352.06,1985.59,484.51,26915.27,89849.77,18033.58,38583.48,0.0,0.0,3806959.71,"(2023, 3)"
26226.17,14268.7,15842.61,76097.23,2897.34,27485.23,18135.4,9537.07,17298.64,77047.86,7261.7,383.11,14885.46,6299.09,33956.58,27445.26,4238.64,37115.65,578.19,12586.01,56902.01,32427.79,33923.89,91989.27,62650.89,30821.79,2447.61,142351.11,29520.41,25645.98,14224.93,54996.8,515.65,35472.58,13423.39,127824.27,13223.58,50645.05,0.0,459.35,0.0,15048.82,7891.5,10841.01,51963.97,6644.08,34664.28,55544.41,0.0,30706.53,22322.47,0.0,0.0,52197.65,141403.34,6275.04,47325.05,118.13,22345.14,26890.59,81031.26,10884.18,2024.19,2931.67,9988.38,172750.7,4892.34,25867.32,5901.56,964.25,23670.64,711.45,0.0,0.0,455.32,79021.21,89086.2,506.13,69316.82,50161.58,9734.52,238.41,32404.18,956.98,171589.05,42304.6,0.0,17211.7,37163.65,1230.33,15730.86,78439.53,20372.24,31220.22,0.0,0.0,2869995.7700000005,"(2023, 4)"
26991.68,9090.66,46022.61,87285.92,1513.9,24709.17,8783.34,9774.87,14856.71,63857.54,7208.59,0.0,15369.57,23142.16,140710.82,25508.7,6589.24,51744.97,326.31,10005.9,34722.34,35118.34,43093.35,64484.47,42909.64,25769.78,7276.98,167200.7,38499.9,3242.35,11404.69,23324.74,0.0,41626.95,16812.66,83557.27,11658.16,72878.5,0.0,0.0,0.0,19803.56,65374.61,16776.43,45259.15,10291.73,30185.01,55881.58,0.0,29294.13,28595.47,0.0,675.18,44891.22,111970.98,1864.6,35076.7,0.0,18043.63,27486.58,85842.45,8687.17,4462.6,7921.24,10632.46,133043.81,2632.16,30533.2,2840.34,1685.59,17377.35,1347.13,226.83,0.0,217.33,54436.06,84498.7,610.41,82385.37,49388.72,11608.73,0.0,45366.07,5235.69,196527.52,59781.94,0.0,5929.75,33571.21,1754.17,22433.1,48703.85,18546.59,31571.9,0.0,0.0,2898343.48,"(2023, 5)"
15355.75,6273.6,31365.18,83892.96,2210.77,20228.8,10150.1,6728.7,18058.08,45452.7,5371.59,0.0,12476.64,20712.71,207804.56,40672.6,3303.49,34573.81,1725.17,10692.56,35864.28,33810.66,44929.91,60271.97,34590.66,21158.37,10534.65,290365.15,29771.91,29517.27,8750.15,225714.25,0.0,38150.49,12225.39,78290.59,7952.52,69624.33,0.0,0.0,0.0,8589.21,51141.09,0.0,38883.0,7646.79,23071.76,41300.4,0.0,27141.51,21599.3,0.0,2404.81,71873.87,91206.93,1147.32,38818.67,0.0,9368.83,16415.1,76410.65,68920.42,3157.29,3933.03,11222.9,80002.64,1798.8,18720.01,2896.48,837.03,11939.03,152.83,1334.65,0.0,0.0,25707.56,80330.3,77.44,65013.77,37716.75,23737.97,0.0,89033.42,349.41,117076.79,76914.88,0.0,9278.07,10592.5,934.47,20604.24,30167.55,17673.75,26036.57,0.0,0.0,2971752.1100000003,"(2023, 6)"
5570.49,10149.17,14374.48,72745.09,7218.54,10919.23,7009.4,4513.82,16115.98,29218.82,4261.17,0.0,7176.45,9771.1,100393.58,28106.78,958.11,33021.57,3889.79,7097.82,24003.37,7714.24,40651.71,36795.15,31948.54,11035.32,1990.13,56955.84,16186.61,37309.71,12279.36,63633.05,0.0,22824.39,12173.39,71238.4,1954.37,48507.39,266.83,0.0,0.0,8760.1,60720.64,0.0,29550.62,7015.15,25757.56,35192.14,0.0,15750.91,24101.66,0.0,491.96,44391.3,60348.62,4275.47,30324.97,0.0,12197.92,14269.06,54676.44,9397.4,7295.6,8776.39,14242.1,110658.59,3264.17,14037.53,3864.56,627.94,7880.05,716.14,0.0,0.0,402.74,17669.98,52679.46,262.94,44195.94,35119.66,118037.48,0.0,62872.19,1303.38,104724.25,26021.71,0.0,5204.7,12304.19,0.0,15418.16,24649.78,21803.32,27431.24,0.0,0.0,2048665.3,"(2023, 7)"
13424.87,5343.52,28798.89,76274.44,4193.28,12193.34,5639.81,4856.86,14911.7,29882.57,5737.99,467.45,8931.97,20990.58,115903.24,43633.9,3325.89,29888.35,3231.28,9121.83,35715.16,21115.14,19840.93,31881.84,38789.33,17810.54,3660.41,67406.03,23081.63,23506.27,10077.41,45540.86,6502.32,25988.14,11485.25,68515.73,20040.35,144479.39,1201.6,0.0,0.0,8973.25,26057.27,263.84,36568.64,3602.89,23175.58,44295.05,0.0,18689.17,19067.91,0.0,1260.06,38845.55,58093.33,6059.26,25021.59,0.0,7705.22,12365.94,34800.14,13403.95,2963.71,1312.46,12081.33,56671.67,2618.24,11558.41,1858.38,2785.76,10596.1,826.03,0.0,0.0,676.01,15923.7,35678.44,610.51,63229.51,24452.54,50237.03,0.0,29815.38,0.0,109586.76,34000.48,0.0,7430.2,6802.35,282.31,11766.47,36169.39,23338.18,19632.81,0.0,0.0,2004542.8900000001,"(2023, 8)"
6073.04,4645.45,25522.9,70787.33,1993.03,15381.94,14512.88,3451.97,10718.16,43178.01,5283.75,0.0,6421.58,11388.37,233111.06,65384.66,4121.35,26632.52,1900.2,13540.82,53192.05,13123.76,20097.17,43025.43,38993.02,8865.93,7099.52,117784.56,31923.96,23175.47,9225.8,63718.94,10737.63,213177.78,7667.77,83452.07,2140.63,62434.54,0.0,0.0,0.0,7857.83,26075.42,2832.63,35887.33,3743.73,24193.14,44930.1,0.0,11937.89,25282.4,0.0,0.0,67128.26,175085.05,6932.31,28472.79,0.0,68799.91,13342.48,75830.22,16008.66,15897.98,5113.76,17501.2,79541.29,2432.29,13223.25,3227.85,4103.88,13868.02,3892.16,0.0,0.0,0.0,34056.45,53562.09,48649.66,78310.36,35431.93,44553.67,0.0,51164.98,609.34,106963.33,46260.3,0.0,6289.23,11926.78,309.22,25720.78,28294.63,19022.88,36695.86,0.0,0.0,2794848.37,"(2023, 9)"
13362.85,7521.07,30398.52,64412.87,2487.33,18729.18,17518.22,5813.94,14874.87,56411.04,5959.29,0.0,10537.76,10693.93,148771.08,33853.2,3280.97,28940.66,1781.53,9567.37,36181.44,29911.43,37735.8,75829.03,54739.21,12375.39,6784.97,136939.04,29439.32,52867.67,10628.72,40338.24,0.0,123389.88,6411.58,105643.43,1077.96,48658.12,524.19,0.0,0.0,5924.83,9752.93,0.0,43320.09,9328.58,43734.36,43239.46,0.0,19222.63,29003.53,0.0,0.0,73072.25,63483.84,731.4,35553.93,0.0,65287.1,18110.28,71043.78,42235.81,2991.63,9898.57,26270.94,74339.76,3296.4,21326.98,3926.26,1746.91,20088.01,2288.91,3171.09,0.0,210.67,53465.45,107959.2,33618.89,69618.5,44128.56,29332.8,0.0,89766.49,145.7,137587.04,46651.34,347.9,6236.11,6409.72,826.53,35236.94,26228.17,24130.41,43464.39,0.0,0.0,2792146.17,"(2023, 10)"
18562.89,9021.22,19008.98,75251.71,1461.79,27222.65,16810.84,6120.79,30073.12,52062.08,2621.63,473.26,8238.45,1096.77,88929.39,20180.1,5144.1,25501.02,858.4,8938.55,30586.17,20826.83,46671.44,44363.32,55259.29,6680.94,5386.28,56767.47,33069.22,34428.97,9050.56,51974.1,5669.29,80324.64,7421.13,88328.95,1818.77,40158.7,0.0,12916.73,0.0,9379.79,16026.78,12386.55,37349.15,3940.97,18940.41,31048.41,0.0,12395.05,13109.33,0.0,0.0,49161.62,71563.52,790.16,32011.15,0.0,32857.88,13554.33,81079.69,20945.41,4584.9,4844.89,14502.63,45429.49,3189.17,14857.58,1306.44,871.33,9280.3,0.0,6585.98,0.0,211.48,17880.16,76526.92,13132.07,58437.97,34979.87,54564.38,0.0,53834.58,0.0,125623.52,31004.27,0.0,4502.26,5825.99,0.0,20606.1,23342.44,17920.84,45291.86,0.0,0.0,2194958.16,"(2023, 11)"
21865.82,6331.51,29254.3,84715.36,3284.85,15593.11,24182.15,4186.83,10768.87,58425.68,2226.52,0.0,13240.49,11725.32,76086.72,42387.09,1570.65,20020.13,1084.08,10606.91,34158.37,55064.33,38365.37,66465.02,34041.69,11630.35,3603.04,54815.25,33172.01,30273.35,8915.81,271080.74,0.0,109758.01,6182.08,120727.48,4534.59,68594.15,2146.75,22388.43,0.0,7024.31,10832.86,0.0,33236.62,7589.51,27388.11,31692.7,0.0,13994.44,23270.46,0.0,728.01,53804.61,85991.63,2035.13,35108.02,0.0,25892.61,12970.33,86544.99,21193.01,4485.03,1230.71,18953.71,77533.97,2165.87,10779.39,3199.95,8856.01,10864.47,501.17,1523.31,0.0,479.72,19980.6,51834.13,23197.63,61329.31,61905.77,62609.69,923.38,63252.33,8932.39,143485.69,34065.15,607.95,1557.2,5848.72,9460.89,23145.19,30979.1,34226.93,57003.49,0.0,0.0,2727689.41,"(2023, 12)"
10025.79,9897.59,10841.93,47196.15,1459.79,10477.34,5572.32,11815.15,19987.72,15810.53,5313.07,0.0,3137.77,1486.93,96001.91,28226.89,3197.69,20435.58,254.56,5597.01,29155.75,10411.15,26707.45,35029.07,24164.64,5617.85,7129.78,18253.18,10530.1,43242.45,5537.59,49797.71,0.0,27376.85,7745.11,89025.17,6004.32,19737.29,551.32,0.0,0.0,4025.34,10537.29,0.0,26738.17,3172.44,27873.49,15604.05,0.0,12542.25,9752.05,0.0,0.0,42591.15,47862.4,2119.07,22575.85,0.0,16359.03,21220.78,47591.74,14925.85,6311.14,2127.79,13110.35,30609.74,4068.45,10637.31,1242.39,1154.6,4574.69,745.61,4406.27,0.0,0.0,25000.75,36967.53,14405.36,31700.08,25631.07,5716.39,0.0,45423.39,4263.06,88086.75,10644.56,238.81,3346.48,7871.97,4137.76,12889.27,24497.52,17859.61,24401.32,0.0,0.0,1510313.47,"(2024, 1)"
6276.4,3945.36,7759.01,25944.22,588.74,15701.2,2694.24,1592.07,16542.91,14655.68,1090.71,0.0,1282.14,8293.58,88013.18,13564.89,391.43,13345.57,408.01,3190.39,18418.0,10211.75,19569.51,24990.07,13806.39,7358.1,1355.01,14215.51,5187.78,3402.31,3421.55,32029.01,0.0,21983.7,2628.48,50881.38,10547.5,38111.61,0.0,4717.54,0.0,1419.55,12174.76,8810.96,11680.32,3275.71,7336.62,2921.3,0.0,3695.22,5475.79,0.0,0.0,70523.4,26990.23,197.64,13930.77,0.0,15180.36,8202.99,34225.2,5409.63,2293.76,2858.87,8420.62,13908.03,2592.24,7917.28,1092.17,345.03,3878.84,747.43,0.0,0.0,0.0,12818.19,64487.45,8545.98,17286.82,7892.17,16719.41,2467.42,27287.17,4221.27,60920.38,4809.54,0.0,336.76,0.0,4946.97,9817.83,13231.75,12561.48,9780.2,0.0,0.0,1061750.44,"(2024, 2)"
4605.35,7552.95,15716.51,71227.1,1847.74,12306.99,7058.38,7474.45,44942.29,44429.64,6894.46,471.48,1839.87,16138.03,77257.54,26817.1,391.21,36447.13,416.04,4643.11,22015.23,55954.9,34907.74,79000.74,30000.22,3940.01,4553.97,27233.5,21281.94,35305.92,6911.59,91638.97,61837.24,94926.72,6301.15,135338.66,8695.82,45286.08,1960.18,19777.88,0.0,4042.54,9152.55,0.0,19577.25,6241.3,11789.02,10174.94,0.0,20531.81,23769.75,0.0,546.68,72291.69,78790.84,3163.83,43060.4,87.61,23893.29,23600.07,81737.0,15241.31,2125.06,7348.9,21378.71,55108.54,10852.2,19870.94,2618.33,819.63,13504.48,672.38,0.0,0.0,0.0,14340.83,103877.16,17139.46,38435.5,17001.74,34427.53,0.0,45171.98,9190.91,91919.71,36496.39,0.0,4187.09,3559.14,9023.3,29480.26,38262.55,13316.18,21061.59,0.0,0.0,2284228.2,"(2024, 3)"
3622.08,3155.24,3248.82,64991.06,2712.24,19563.67,5948.29,6278.91,10381.5,52813.59,2705.45,0.0,4627.41,1091.5,129116.81,176137.43,764.6,22635.37,0.0,2872.14,39466.06,26072.83,26402.9,50708.92,22194.85,592.59,7479.27,20201.73,26685.47,22306.29,8360.53,75067.72,650.53,70338.4,10636.63,89914.1,3100.5,42644.66,0.0,4712.5,0.0,5334.2,15083.82,0.0,18721.71,8129.9,30203.45,21961.74,0.0,14383.94,32033.81,0.0,0.0,50651.82,77637.11,3604.11,22204.77,87.71,21143.52,11917.88,103039.8,9397.71,7639.52,25323.92,15603.29,33790.67,7183.84,13568.62,1167.92,833.02,8071.28,99.92,0.0,0.0,157.74,29918.2,105522.36,13443.22,36977.74,28878.42,18196.07,0.0,58535.38,5050.69,115694.08,31414.74,0.0,3111.67,2304.11,9620.56,11058.64,28710.57,13961.77,18301.26,0.0,0.0,2149878.81,"(2024, 4)"
4229.4,3833.23,1013.37,71032.65,500.49,17662.61,5503.58,2653.4,6260.85,54442.73,3909.29,312.98,1136.63,15804.29,128166.19,62713.45,1732.02,23939.38,0.0,2901.13,22163.84,20673.48,43196.64,69037.94,30741.22,0.0,11816.03,25727.7,29620.11,40994.54,8369.81,139923.39,2516.31,70632.12,7958.21,86219.16,18517.18,144143.47,0.0,32717.01,0.0,4820.58,25306.12,0.0,18076.98,8525.34,17214.38,18699.01,0.0,15100.1,23481.11,0.0,1844.29,53595.85,90223.49,3283.69,24479.11,251.97,11668.69,17299.11,105379.06,11052.98,13745.0,23708.36,15102.87,39061.9,4554.23,24124.34,2285.41,1196.85,7590.96,0.0,403.55,0.0,0.0,23596.95,64952.17,26187.2,54796.17,17678.65,16480.21,204.44,79786.92,4888.82,113103.5,48900.59,0.0,3594.45,0.0,7302.71,19585.34,28258.65,15912.65,18053.83,0.0,0.0,2338074.41,"(2024, 5)"
19445.53,16514.18,8205.64,98927.05,7173.01,19212.67,7392.0,2668.13,8505.78,77559.46,3690.76,205.25,1942.25,19689.92,159672.83,174456.56,388.65,36471.98,619.57,9425.96,32426.39,54092.17,50667.25,100706.52,29211.33,573.8,8931.75,27448.22,44136.34,24609.19,8611.17,272474.46,0.0,104073.02,19609.35,219513.2,4691.19,126933.04,0.0,16917.32,0.0,2286.26,9660.49,12330.15,26024.7,6751.84,20364.19,27032.18,0.0,27848.39,27227.69,0.0,248.78,89532.87,126508.18,2471.42,28687.93,392.73,30848.37,11374.99,160324.57,12735.32,8669.26,21483.56,14814.69,91557.51,3286.51,18111.59,3266.31,1580.49,13880.28,0.0,167.24,0.0,614.32,68569.88,63857.94,17400.74,49901.04,36294.2,23264.59,0.0,91746.71,12333.01,144743.97,53989.06,0.0,4703.33,2759.8,4538.17,54214.37,30980.74,15043.18,16515.1,0.0,0.0,3308731.5300000003,"(2024, 6)"
9295.32,2197.12,9428.29,83402.52,1575.97,12505.97,10583.38,4549.64,12885.18,42217.66,3633.94,0.0,2634.51,22390.07,88602.78,75468.66,382.68,24281.04,4874.1,7975.59,22308.76,22675.28,19067.25,73570.14,23898.33,8287.85,1372.25,46385.55,23959.58,50753.89,6642.26,32567.25,4303.79,84286.18,12114.17,153375.2,1521.17,45809.38,0.0,6666.02,0.0,305.28,10931.06,15830.7,235804.51,4346.11,30497.1,26009.47,0.0,17088.68,10072.91,0.0,0.0,49930.71,107929.62,2377.99,27227.86,96.84,32908.53,7665.94,100633.87,8285.83,7666.93,15455.8,9852.81,52495.74,1300.3,15537.23,1914.88,740.61,8621.02,81.94,0.0,0.0,411.96,26288.85,73168.26,25220.13,25674.69,14186.78,6597.01,0.0,67755.81,3474.1,137622.18,54903.12,0.0,3774.91,0.0,7631.6,32450.06,30804.74,22335.3,13389.41,0.0,561.19,2406309.09,"(2024, 7)"
